,sobreviveu,bilhete_classe,sexo,idade,familiares_1,familiares_2,bilhete_valor,embarque,conves
0,0,3,male,22.0,1,0,7.25,S,U
1,1,1,female,38.0,1,0,71.2833,C,C
2,1,3,female,26.0,0,0,7.925,S,U
3,1,1,female,35.0,1,0,53.1,S,C
4,0,3,male,35.0,0,0,8.05,S,U
5,0,3,male,28.0,0,0,8.4583,Q,U
6,0,1,male,54.0,0,0,51.8625,S,E
7,0,3,male,2.0,3,1,21.075,S,U
8,1,3,female,27.0,0,2,11.1333,S,U
9,1,2,female,14.0,1,0,30.0708,C,U
10,1,3,female,4.0,1,1,16.7,S,G
11,1,1,female,58.0,0,0,26.55,S,C
12,0,3,male,20.0,0,0,8.05,S,U
13,0,3,male,39.0,1,5,31.275,S,U
14,0,3,female,14.0,0,0,7.8542,S,U
15,1,2,female,55.0,0,0,16.0,S,U
16,0,3,male,2.0,4,1,29.125,Q,U
17,1,2,male,28.0,0,0,13.0,S,U
18,0,3,female,31.0,1,0,18.0,S,U
19,1,3,female,28.0,0,0,7.225,C,U
20,0,2,male,35.0,0,0,26.0,S,U
21,1,2,male,34.0,0,0,13.0,S,D
22,1,3,female,15.0,0,0,8.0292,Q,U
23,1,1,male,28.0,0,0,35.5,S,A
24,0,3,female,8.0,3,1,21.075,S,U
25,1,3,female,38.0,1,5,31.3875,S,U
26,0,3,male,28.0,0,0,7.225,C,U
27,0,1,male,19.0,3,2,263.0,S,C
28,1,3,female,28.0,0,0,7.8792,Q,U
29,0,3,male,28.0,0,0,7.8958,S,U
30,0,1,male,40.0,0,0,27.7208,C,U
31,1,1,female,28.0,1,0,146.5208,C,B
32,1,3,female,28.0,0,0,7.75,Q,U
33,0,2,male,66.0,0,0,10.5,S,U
34,0,1,male,28.0,1,0,82.1708,C,U
35,0,1,male,42.0,1,0,52.0,S,U
36,1,3,male,28.0,0,0,7.2292,C,U
37,0,3,male,21.0,0,0,8.05,S,U
38,0,3,female,18.0,2,0,18.0,S,U
39,1,3,female,14.0,1,0,11.2417,C,U
40,0,3,female,40.0,1,0,9.475,S,U
41,0,2,female,27.0,1,0,21.0,S,U
42,0,3,male,28.0,0,0,7.8958,C,U
43,1,2,female,3.0,1,2,41.5792,C,U
44,1,3,female,19.0,0,0,7.8792,Q,U
45,0,3,male,28.0,0,0,8.05,S,U
46,0,3,male,28.0,1,0,15.5,Q,U
47,1,3,female,28.0,0,0,7.75,Q,U
48,0,3,male,28.0,2,0,21.6792,C,U
49,0,3,female,18.0,1,0,17.8,S,U
50,0,3,male,7.0,4,1,39.6875,S,U
51,0,3,male,21.0,0,0,7.8,S,U
52,1,1,female,49.0,1,0,76.7292,C,D
53,1,2,female,29.0,1,0,26.0,S,U
54,0,1,male,65.0,0,1,61.9792,C,B
55,1,1,male,28.0,0,0,35.5,S,C
56,1,2,female,21.0,0,0,10.5,S,U
57,0,3,male,28.5,0,0,7.2292,C,U
58,1,2,female,5.0,1,2,27.75,S,U
59,0,3,male,11.0,5,2,46.9,S,U
60,0,3,male,22.0,0,0,7.2292,C,U
61,1,1,female,38.0,0,0,80.0,S,B
62,0,1,male,45.0,1,0,83.475,S,C
63,0,3,male,4.0,3,2,27.9,S,U
64,0,1,male,28.0,0,0,27.7208,C,U
65,1,3,male,28.0,1,1,15.2458,C,U
66,1,2,female,29.0,0,0,10.5,S,F
67,0,3,male,19.0,0,0,8.1583,S,U
68,1,3,female,17.0,4,2,7.925,S,U
69,0,3,male,26.0,2,0,8.6625,S,U
70,0,2,male,32.0,0,0,10.5,S,U
71,0,3,female,16.0,5,2,46.9,S,U
72,0,2,male,21.0,0,0,73.5,S,U
73,0,3,male,26.0,1,0,14.4542,C,U
74,1,3,male,32.0,0,0,56.4958,S,U
75,0,3,male,25.0,0,0,7.65,S,F
76,0,3,male,28.0,0,0,7.8958,S,U
77,0,3,male,28.0,0,0,8.05,S,U
78,1,2,male,0.83,0,2,29.0,S,U
79,1,3,female,30.0,0,0,12.475,S,U
80,0,3,male,22.0,0,0,9.0,S,U
81,1,3,male,29.0,0,0,9.5,S,U
82,1,3,female,28.0,0,0,7.7875,Q,U
83,0,1,male,28.0,0,0,47.1,S,U
84,1,2,female,17.0,0,0,10.5,S,U
85,1,3,female,33.0,3,0,15.85,S,U
86,0,3,male,16.0,1,3,34.375,S,U
87,0,3,male,28.0,0,0,8.05,S,U
88,1,1,female,23.0,3,2,263.0,S,C
89,0,3,male,24.0,0,0,8.05,S,U
90,0,3,male,29.0,0,0,8.05,S,U
91,0,3,male,20.0,0,0,7.8542,S,U
92,0,1,male,46.0,1,0,61.175,S,E
93,0,3,male,26.0,1,2,20.575,S,U
94,0,3,male,59.0,0,0,7.25,S,U
95,0,3,male,28.0,0,0,8.05,S,U
96,0,1,male,71.0,0,0,34.6542,C,A
97,1,1,male,23.0,0,1,63.3583,C,D
98,1,2,female,34.0,0,1,23.0,S,U
99,0,2,male,34.0,1,0,26.0,S,U
100,0,3,female,28.0,0,0,7.8958,S,U
101,0,3,male,28.0,0,0,7.8958,S,U
102,0,1,male,21.0,0,1,77.2875,S,D
103,0,3,male,33.0,0,0,8.6542,S,U
104,0,3,male,37.0,2,0,7.925,S,U
105,0,3,male,28.0,0,0,7.8958,S,U
106,1,3,female,21.0,0,0,7.65,S,U
107,1,3,male,28.0,0,0,7.775,S,U
108,0,3,male,38.0,0,0,7.8958,S,U
109,1,3,female,28.0,1,0,24.15,Q,U
110,0,1,male,47.0,0,0,52.0,S,C
111,0,3,female,14.5,1,0,14.4542,C,U
112,0,3,male,22.0,0,0,8.05,S,U
113,0,3,female,20.0,1,0,9.825,S,U
114,0,3,female,17.0,0,0,14.4583,C,U
115,0,3,male,21.0,0,0,7.925,S,U
116,0,3,male,70.5,0,0,7.75,Q,U
117,0,2,male,29.0,1,0,21.0,S,U
118,0,1,male,24.0,0,1,247.5208,C,B
119,0,3,female,2.0,4,2,31.275,S,U
120,0,2,male,21.0,2,0,73.5,S,U
121,0,3,male,28.0,0,0,8.05,S,U
122,0,2,male,32.5,1,0,30.0708,C,U
123,1,2,female,32.5,0,0,13.0,S,E
124,0,1,male,54.0,0,1,77.2875,S,D
125,1,3,male,12.0,1,0,11.2417,C,U
126,0,3,male,28.0,0,0,7.75,Q,U
127,1,3,male,24.0,0,0,7.1417,S,U
128,1,3,female,28.0,1,1,22.3583,C,F
129,0,3,male,45.0,0,0,6.975,S,U
130,0,3,male,33.0,0,0,7.8958,C,U
131,0,3,male,20.0,0,0,7.05,S,U
132,0,3,female,47.0,1,0,14.5,S,U
133,1,2,female,29.0,1,0,26.0,S,U
134,0,2,male,25.0,0,0,13.0,S,U
135,0,2,male,23.0,0,0,15.0458,C,U
136,1,1,female,19.0,0,2,26.2833,S,D
137,0,1,male,37.0,1,0,53.1,S,C
138,0,3,male,16.0,0,0,9.2167,S,U
139,0,1,male,24.0,0,0,79.2,C,B
140,0,3,female,28.0,0,2,15.2458,C,U
141,1,3,female,22.0,0,0,7.75,S,U
142,1,3,female,24.0,1,0,15.85,S,U
143,0,3,male,19.0,0,0,6.75,Q,U
144,0,2,male,18.0,0,0,11.5,S,U
145,0,2,male,19.0,1,1,36.75,S,U
146,1,3,male,27.0,0,0,7.7958,S,U
147,0,3,female,9.0,2,2,34.375,S,U
148,0,2,male,36.5,0,2,26.0,S,F
149,0,2,male,42.0,0,0,13.0,S,U
150,0,2,male,51.0,0,0,12.525,S,U
151,1,1,female,22.0,1,0,66.6,S,C
152,0,3,male,55.5,0,0,8.05,S,U
153,0,3,male,40.5,0,2,14.5,S,U
154,0,3,male,28.0,0,0,7.3125,S,U
155,0,1,male,51.0,0,1,61.3792,C,U
156,1,3,female,16.0,0,0,7.7333,Q,U
157,0,3,male,30.0,0,0,8.05,S,U
158,0,3,male,28.0,0,0,8.6625,S,U
159,0,3,male,28.0,8,2,69.55,S,U
160,0,3,male,44.0,0,1,16.1,S,U
161,1,2,female,40.0,0,0,15.75,S,U
162,0,3,male,26.0,0,0,7.775,S,U
163,0,3,male,17.0,0,0,8.6625,S,U
164,0,3,male,1.0,4,1,39.6875,S,U
165,1,3,male,9.0,0,2,20.525,S,U
166,1,1,female,28.0,0,1,55.0,S,E
167,0,3,female,45.0,1,4,27.9,S,U
168,0,1,male,28.0,0,0,25.925,S,U
169,0,3,male,28.0,0,0,56.4958,S,U
170,0,1,male,61.0,0,0,33.5,S,B
171,0,3,male,4.0,4,1,29.125,Q,U
172,1,3,female,1.0,1,1,11.1333,S,U
173,0,3,male,21.0,0,0,7.925,S,U
174,0,1,male,56.0,0,0,30.6958,C,A
175,0,3,male,18.0,1,1,7.8542,S,U
176,0,3,male,28.0,3,1,25.4667,S,U
177,0,1,female,50.0,0,0,28.7125,C,C
178,0,2,male,30.0,0,0,13.0,S,U
180,0,3,female,28.0,8,2,69.55,S,U
181,0,2,male,28.0,0,0,15.05,C,U
182,0,3,male,9.0,4,2,31.3875,S,U
183,1,2,male,1.0,2,1,39.0,S,F
184,1,3,female,4.0,0,2,22.025,S,U
185,0,1,male,28.0,0,0,50.0,S,A
186,1,3,female,28.0,1,0,15.5,Q,U
187,1,1,male,45.0,0,0,26.55,S,U
188,0,3,male,40.0,1,1,15.5,Q,U
189,0,3,male,36.0,0,0,7.8958,S,U
190,1,2,female,32.0,0,0,13.0,S,U
191,0,2,male,19.0,0,0,13.0,S,U
192,1,3,female,19.0,1,0,7.8542,S,U
193,1,2,male,3.0,1,1,26.0,S,F
194,1,1,female,44.0,0,0,27.7208,C,B
195,1,1,female,58.0,0,0,146.5208,C,B
196,0,3,male,28.0,0,0,7.75,Q,U
197,0,3,male,42.0,0,1,8.4042,S,U
198,1,3,female,28.0,0,0,7.75,Q,U
199,0,2,female,24.0,0,0,13.0,S,U
200,0,3,male,28.0,0,0,9.5,S,U
201,0,3,male,28.0,8,2,69.55,S,U
202,0,3,male,34.0,0,0,6.4958,S,U
203,0,3,male,45.5,0,0,7.225,C,U
204,1,3,male,18.0,0,0,8.05,S,U
205,0,3,female,2.0,0,1,10.4625,S,G
206,0,3,male,32.0,1,0,15.85,S,U
207,1,3,male,26.0,0,0,18.7875,C,U
208,1,3,female,16.0,0,0,7.75,Q,U
209,1,1,male,40.0,0,0,31.0,C,A
210,0,3,male,24.0,0,0,7.05,S,U
211,1,2,female,35.0,0,0,21.0,S,U
212,0,3,male,22.0,0,0,7.25,S,U
213,0,2,male,30.0,0,0,13.0,S,U
214,0,3,male,28.0,1,0,7.75,Q,U
215,1,1,female,31.0,1,0,113.275,C,D
216,1,3,female,27.0,0,0,7.925,S,U
217,0,2,male,42.0,1,0,27.0,S,U
218,1,1,female,32.0,0,0,76.2917,C,D
219,0,2,male,30.0,0,0,10.5,S,U
220,1,3,male,16.0,0,0,8.05,S,U
221,0,2,male,27.0,0,0,13.0,S,U
222,0,3,male,51.0,0,0,8.05,S,U
223,0,3,male,28.0,0,0,7.8958,S,U
224,1,1,male,38.0,1,0,90.0,S,C
225,0,3,male,22.0,0,0,9.35,S,U
226,1,2,male,19.0,0,0,10.5,S,U
227,0,3,male,20.5,0,0,7.25,S,U
228,0,2,male,18.0,0,0,13.0,S,U
229,0,3,female,28.0,3,1,25.4667,S,U
230,1,1,female,35.0,1,0,83.475,S,C
231,0,3,male,29.0,0,0,7.775,S,U
232,0,2,male,59.0,0,0,13.5,S,U
233,1,3,female,5.0,4,2,31.3875,S,U
234,0,2,male,24.0,0,0,10.5,S,U
235,0,3,female,28.0,0,0,7.55,S,U
236,0,2,male,44.0,1,0,26.0,S,U
237,1,2,female,8.0,0,2,26.25,S,U
238,0,2,male,19.0,0,0,10.5,S,U
239,0,2,male,33.0,0,0,12.275,S,U
240,0,3,female,28.0,1,0,14.4542,C,U
241,1,3,female,28.0,1,0,15.5,Q,U
242,0,2,male,29.0,0,0,10.5,S,U
243,0,3,male,22.0,0,0,7.125,S,U
244,0,3,male,30.0,0,0,7.225,C,U
245,0,1,male,44.0,2,0,90.0,Q,C
246,0,3,female,25.0,0,0,7.775,S,U
247,1,2,female,24.0,0,2,14.5,S,U
248,1,1,male,37.0,1,1,52.5542,S,D
249,0,2,male,54.0,1,0,26.0,S,U
250,0,3,male,28.0,0,0,7.25,S,U
251,0,3,female,29.0,1,1,10.4625,S,G
252,0,1,male,62.0,0,0,26.55,S,C
253,0,3,male,30.0,1,0,16.1,S,U
254,0,3,female,41.0,0,2,20.2125,S,U
255,1,3,female,29.0,0,2,15.2458,C,U
256,1,1,female,28.0,0,0,79.2,C,U
257,1,1,female,30.0,0,0,86.5,S,B
258,1,1,female,35.0,0,0,512.3292,C,U
259,1,2,female,50.0,0,1,26.0,S,U
260,0,3,male,28.0,0,0,7.75,Q,U
261,1,3,male,3.0,4,2,31.3875,S,U
262,0,1,male,52.0,1,1,79.65,S,E
264,0,3,female,28.0,0,0,7.75,Q,U
265,0,2,male,36.0,0,0,10.5,S,U
266,0,3,male,16.0,4,1,39.6875,S,U
267,1,3,male,25.0,1,0,7.775,S,U
268,1,1,female,58.0,0,1,153.4625,S,C
269,1,1,female,35.0,0,0,135.6333,S,C
270,0,1,male,28.0,0,0,31.0,S,U
272,1,2,female,41.0,0,1,19.5,S,U
273,0,1,male,37.0,0,1,29.7,C,C
274,1,3,female,28.0,0,0,7.75,Q,U
275,1,1,female,63.0,1,0,77.9583,S,D
276,0,3,female,45.0,0,0,7.75,S,U
278,0,3,male,7.0,4,1,29.125,Q,U
279,1,3,female,35.0,1,1,20.25,S,U
280,0,3,male,65.0,0,0,7.75,Q,U
281,0,3,male,28.0,0,0,7.8542,S,U
282,0,3,male,16.0,0,0,9.5,S,U
283,1,3,male,19.0,0,0,8.05,S,U
284,0,1,male,28.0,0,0,26.0,S,A
285,0,3,male,33.0,0,0,8.6625,C,U
286,1,3,male,30.0,0,0,9.5,S,U
287,0,3,male,22.0,0,0,7.8958,S,U
288,1,2,male,42.0,0,0,13.0,S,U
289,1,3,female,22.0,0,0,7.75,Q,U
290,1,1,female,26.0,0,0,78.85,S,U
291,1,1,female,19.0,1,0,91.0792,C,B
292,0,2,male,36.0,0,0,12.875,C,D
293,0,3,female,24.0,0,0,8.85,S,U
294,0,3,male,24.0,0,0,7.8958,S,U
295,0,1,male,28.0,0,0,27.7208,C,U
296,0,3,male,23.5,0,0,7.2292,C,U
297,0,1,female,2.0,1,2,151.55,S,C
298,1,1,male,28.0,0,0,30.5,S,C
299,1,1,female,50.0,0,1,247.5208,C,B
300,1,3,female,28.0,0,0,7.75,Q,U
301,1,3,male,28.0,2,0,23.25,Q,U
303,1,2,female,28.0,0,0,12.35,Q,E
304,0,3,male,28.0,0,0,8.05,S,U
305,1,1,male,0.92,1,2,151.55,S,C
306,1,1,female,28.0,0,0,110.8833,C,U
307,1,1,female,17.0,1,0,108.9,C,C
308,0,2,male,30.0,1,0,24.0,C,U
309,1,1,female,30.0,0,0,56.9292,C,E
310,1,1,female,24.0,0,0,83.1583,C,C
311,1,1,female,18.0,2,2,262.375,C,B
312,0,2,female,26.0,1,1,26.0,S,U
313,0,3,male,28.0,0,0,7.8958,S,U
314,0,2,male,43.0,1,1,26.25,S,U
315,1,3,female,26.0,0,0,7.8542,S,U
316,1,2,female,24.0,1,0,26.0,S,U
317,0,2,male,54.0,0,0,14.0,S,U
318,1,1,female,31.0,0,2,164.8667,S,C
319,1,1,female,40.0,1,1,134.5,C,E
320,0,3,male,22.0,0,0,7.25,S,U
321,0,3,male,27.0,0,0,7.8958,S,U
322,1,2,female,30.0,0,0,12.35,Q,U
323,1,2,female,22.0,1,1,29.0,S,U
324,0,3,male,28.0,8,2,69.55,S,U
325,1,1,female,36.0,0,0,135.6333,C,C
326,0,3,male,61.0,0,0,6.2375,S,U
327,1,2,female,36.0,0,0,13.0,S,D
328,1,3,female,31.0,1,1,20.525,S,U
329,1,1,female,16.0,0,1,57.9792,C,B
330,1,3,female,28.0,2,0,23.25,Q,U
331,0,1,male,45.5,0,0,28.5,S,C
332,0,1,male,38.0,0,1,153.4625,S,C
333,0,3,male,16.0,2,0,18.0,S,U
334,1,1,female,28.0,1,0,133.65,S,U
335,0,3,male,28.0,0,0,7.8958,S,U
336,0,1,male,29.0,1,0,66.6,S,C
337,1,1,female,41.0,0,0,134.5,C,E
338,1,3,male,45.0,0,0,8.05,S,U
339,0,1,male,45.0,0,0,35.5,S,T
340,1,2,male,2.0,1,1,26.0,S,F
341,1,1,female,24.0,3,2,263.0,S,C
342,0,2,male,28.0,0,0,13.0,S,U
343,0,2,male,25.0,0,0,13.0,S,U
344,0,2,male,36.0,0,0,13.0,S,U
345,1,2,female,24.0,0,0,13.0,S,F
346,1,2,female,40.0,0,0,13.0,S,U
347,1,3,female,28.0,1,0,16.1,S,U
348,1,3,male,3.0,1,1,15.9,S,U
349,0,3,male,42.0,0,0,8.6625,S,U
350,0,3,male,23.0,0,0,9.225,S,U
351,0,1,male,28.0,0,0,35.0,S,C
352,0,3,male,15.0,1,1,7.2292,C,U
353,0,3,male,25.0,1,0,17.8,S,U
354,0,3,male,28.0,0,0,7.225,C,U
355,0,3,male,28.0,0,0,9.5,S,U
356,1,1,female,22.0,0,1,55.0,S,E
357,0,2,female,38.0,0,0,13.0,S,U
358,1,3,female,28.0,0,0,7.8792,Q,U
359,1,3,female,28.0,0,0,7.8792,Q,U
360,0,3,male,40.0,1,4,27.9,S,U
361,0,2,male,29.0,1,0,27.7208,C,U
362,0,3,female,45.0,0,1,14.4542,C,U
363,0,3,male,35.0,0,0,7.05,S,U
364,0,3,male,28.0,1,0,15.5,Q,U
365,0,3,male,30.0,0,0,7.25,S,U
366,1,1,female,60.0,1,0,75.25,C,D
367,1,3,female,28.0,0,0,7.2292,C,U
368,1,3,female,28.0,0,0,7.75,Q,U
369,1,1,female,24.0,0,0,69.3,C,B
370,1,1,male,25.0,1,0,55.4417,C,E
371,0,3,male,18.0,1,0,6.4958,S,U
372,0,3,male,19.0,0,0,8.05,S,U
373,0,1,male,22.0,0,0,135.6333,C,U
374,0,3,female,3.0,3,1,21.075,S,U
375,1,1,female,28.0,1,0,82.1708,C,U
376,1,3,female,22.0,0,0,7.25,S,U
377,0,1,male,27.0,0,2,211.5,C,C
378,0,3,male,20.0,0,0,4.0125,C,U
379,0,3,male,19.0,0,0,7.775,S,U
380,1,1,female,42.0,0,0,227.525,C,U
381,1,3,female,1.0,0,2,15.7417,C,U
382,0,3,male,32.0,0,0,7.925,S,U
383,1,1,female,35.0,1,0,52.0,S,U
384,0,3,male,28.0,0,0,7.8958,S,U
385,0,2,male,18.0,0,0,73.5,S,U
386,0,3,male,1.0,5,2,46.9,S,U
387,1,2,female,36.0,0,0,13.0,S,U
388,0,3,male,28.0,0,0,7.7292,Q,U
389,1,2,female,17.0,0,0,12.0,C,U
390,1,1,male,36.0,1,2,120.0,S,B
391,1,3,male,21.0,0,0,7.7958,S,U
392,0,3,male,28.0,2,0,7.925,S,U
393,1,1,female,23.0,1,0,113.275,C,D
394,1,3,female,24.0,0,2,16.7,S,G
395,0,3,male,22.0,0,0,7.7958,S,U
396,0,3,female,31.0,0,0,7.8542,S,U
397,0,2,male,46.0,0,0,26.0,S,U
398,0,2,male,23.0,0,0,10.5,S,U
399,1,2,female,28.0,0,0,12.65,S,U
400,1,3,male,39.0,0,0,7.925,S,U
401,0,3,male,26.0,0,0,8.05,S,U
402,0,3,female,21.0,1,0,9.825,S,U
403,0,3,male,28.0,1,0,15.85,S,U
404,0,3,female,20.0,0,0,8.6625,S,U
405,0,2,male,34.0,1,0,21.0,S,U
406,0,3,male,51.0,0,0,7.75,S,U
407,1,2,male,3.0,1,1,18.75,S,U
408,0,3,male,21.0,0,0,7.775,S,U
409,0,3,female,28.0,3,1,25.4667,S,U
410,0,3,male,28.0,0,0,7.8958,S,U
411,0,3,male,28.0,0,0,6.8583,Q,U
412,1,1,female,33.0,1,0,90.0,Q,C
414,1,3,male,44.0,0,0,7.925,S,U
415,0,3,female,28.0,0,0,8.05,S,U
416,1,2,female,34.0,1,1,32.5,S,U
417,1,2,female,18.0,0,2,13.0,S,U
418,0,2,male,30.0,0,0,13.0,S,U
419,0,3,female,10.0,0,2,24.15,S,U
420,0,3,male,28.0,0,0,7.8958,C,U
421,0,3,male,21.0,0,0,7.7333,Q,U
422,0,3,male,29.0,0,0,7.875,S,U
423,0,3,female,28.0,1,1,14.4,S,U
424,0,3,male,18.0,1,1,20.2125,S,U
425,0,3,male,28.0,0,0,7.25,S,U
426,1,2,female,28.0,1,0,26.0,S,U
427,1,2,female,19.0,0,0,26.0,S,U
428,0,3,male,28.0,0,0,7.75,Q,U
429,1,3,male,32.0,0,0,8.05,S,E
430,1,1,male,28.0,0,0,26.55,S,C
431,1,3,female,28.0,1,0,16.1,S,U
432,1,2,female,42.0,1,0,26.0,S,U
433,0,3,male,17.0,0,0,7.125,S,U
434,0,1,male,50.0,1,0,55.9,S,E
435,1,1,female,14.0,1,2,120.0,S,B
436,0,3,female,21.0,2,2,34.375,S,U
437,1,2,female,24.0,2,3,18.75,S,U
438,0,1,male,64.0,1,4,263.0,S,C
439,0,2,male,31.0,0,0,10.5,S,U
440,1,2,female,45.0,1,1,26.25,S,U
441,0,3,male,20.0,0,0,9.5,S,U
442,0,3,male,25.0,1,0,7.775,S,U
443,1,2,female,28.0,0,0,13.0,S,U
444,1,3,male,28.0,0,0,8.1125,S,U
445,1,1,male,4.0,0,2,81.8583,S,A
446,1,2,female,13.0,0,1,19.5,S,U
447,1,1,male,34.0,0,0,26.55,S,U
448,1,3,female,5.0,2,1,19.2583,C,U
449,1,1,male,52.0,0,0,30.5,S,C
450,0,2,male,36.0,1,2,27.75,S,U
451,0,3,male,28.0,1,0,19.9667,S,U
452,0,1,male,30.0,0,0,27.75,C,C
453,1,1,male,49.0,1,0,89.1042,C,C
454,0,3,male,28.0,0,0,8.05,S,U
455,1,3,male,29.0,0,0,7.8958,C,U
456,0,1,male,65.0,0,0,26.55,S,E
457,1,1,female,28.0,1,0,51.8625,S,D
458,1,2,female,50.0,0,0,10.5,S,U
459,0,3,male,28.0,0,0,7.75,Q,U
460,1,1,male,48.0,0,0,26.55,S,E
461,0,3,male,34.0,0,0,8.05,S,U
462,0,1,male,47.0,0,0,38.5,S,E
463,0,2,male,48.0,0,0,13.0,S,U
464,0,3,male,28.0,0,0,8.05,S,U
465,0,3,male,38.0,0,0,7.05,S,U
467,0,1,male,56.0,0,0,26.55,S,U
468,0,3,male,28.0,0,0,7.725,Q,U
469,1,3,female,0.75,2,1,19.2583,C,U
470,0,3,male,28.0,0,0,7.25,S,U
471,0,3,male,38.0,0,0,8.6625,S,U
472,1,2,female,33.0,1,2,27.75,S,U
473,1,2,female,23.0,0,0,13.7917,C,D
474,0,3,female,22.0,0,0,9.8375,S,U
475,0,1,male,28.0,0,0,52.0,S,A
476,0,2,male,34.0,1,0,21.0,S,U
477,0,3,male,29.0,1,0,7.0458,S,U
478,0,3,male,22.0,0,0,7.5208,S,U
479,1,3,female,2.0,0,1,12.2875,S,U
480,0,3,male,9.0,5,2,46.9,S,U
482,0,3,male,50.0,0,0,8.05,S,U
483,1,3,female,63.0,0,0,9.5875,S,U
484,1,1,male,25.0,1,0,91.0792,C,B
485,0,3,female,28.0,3,1,25.4667,S,U
486,1,1,female,35.0,1,0,90.0,S,C
487,0,1,male,58.0,0,0,29.7,C,B
488,0,3,male,30.0,0,0,8.05,S,U
489,1,3,male,9.0,1,1,15.9,S,U
490,0,3,male,28.0,1,0,19.9667,S,U
491,0,3,male,21.0,0,0,7.25,S,U
492,0,1,male,55.0,0,0,30.5,S,C
493,0,1,male,71.0,0,0,49.5042,C,U
494,0,3,male,21.0,0,0,8.05,S,U
495,0,3,male,28.0,0,0,14.4583,C,U
496,1,1,female,54.0,1,0,78.2667,C,D
497,0,3,male,28.0,0,0,15.1,S,U
498,0,1,female,25.0,1,2,151.55,S,C
499,0,3,male,24.0,0,0,7.7958,S,U
500,0,3,male,17.0,0,0,8.6625,S,U
501,0,3,female,21.0,0,0,7.75,Q,U
502,0,3,female,28.0,0,0,7.6292,Q,U
503,0,3,female,37.0,0,0,9.5875,S,U
504,1,1,female,16.0,0,0,86.5,S,B
505,0,1,male,18.0,1,0,108.9,C,C
506,1,2,female,33.0,0,2,26.0,S,U
507,1,1,male,28.0,0,0,26.55,S,U
508,0,3,male,28.0,0,0,22.525,S,U
509,1,3,male,26.0,0,0,56.4958,S,U
510,1,3,male,29.0,0,0,7.75,Q,U
511,0,3,male,28.0,0,0,8.05,S,U
512,1,1,male,36.0,0,0,26.2875,S,E
513,1,1,female,54.0,1,0,59.4,C,U
514,0,3,male,24.0,0,0,7.4958,S,U
515,0,1,male,47.0,0,0,34.0208,S,D
516,1,2,female,34.0,0,0,10.5,S,F
517,0,3,male,28.0,0,0,24.15,Q,U
518,1,2,female,36.0,1,0,26.0,S,U
519,0,3,male,32.0,0,0,7.8958,S,U
520,1,1,female,30.0,0,0,93.5,S,B
521,0,3,male,22.0,0,0,7.8958,S,U
522,0,3,male,28.0,0,0,7.225,C,U
523,1,1,female,44.0,0,1,57.9792,C,B
524,0,3,male,28.0,0,0,7.2292,C,U
525,0,3,male,40.5,0,0,7.75,Q,U
526,1,2,female,50.0,0,0,10.5,S,U
527,0,1,male,28.0,0,0,221.7792,S,C
528,0,3,male,39.0,0,0,7.925,S,U
529,0,2,male,23.0,2,1,11.5,S,U
530,1,2,female,2.0,1,1,26.0,S,U
531,0,3,male,28.0,0,0,7.2292,C,U
532,0,3,male,17.0,1,1,7.2292,C,U
533,1,3,female,28.0,0,2,22.3583,C,U
534,0,3,female,30.0,0,0,8.6625,S,U
535,1,2,female,7.0,0,2,26.25,S,U
536,0,1,male,45.0,0,0,26.55,S,B
537,1,1,female,30.0,0,0,106.425,C,U
538,0,3,male,28.0,0,0,14.5,S,U
539,1,1,female,22.0,0,2,49.5,C,B
540,1,1,female,36.0,0,2,71.0,S,B
541,0,3,female,9.0,4,2,31.275,S,U
542,0,3,female,11.0,4,2,31.275,S,U
543,1,2,male,32.0,1,0,26.0,S,U
544,0,1,male,50.0,1,0,106.425,C,C
545,0,1,male,64.0,0,0,26.0,S,U
546,1,2,female,19.0,1,0,26.0,S,U
547,1,2,male,28.0,0,0,13.8625,C,U
548,0,3,male,33.0,1,1,20.525,S,U
549,1,2,male,8.0,1,1,36.75,S,U
550,1,1,male,17.0,0,2,110.8833,C,C
551,0,2,male,27.0,0,0,26.0,S,U
552,0,3,male,28.0,0,0,7.8292,Q,U
553,1,3,male,22.0,0,0,7.225,C,U
554,1,3,female,22.0,0,0,7.775,S,U
555,0,1,male,62.0,0,0,26.55,S,U
556,1,1,female,48.0,1,0,39.6,C,A
557,0,1,male,28.0,0,0,227.525,C,U
558,1,1,female,39.0,1,1,79.65,S,E
559,1,3,female,36.0,1,0,17.4,S,U
560,0,3,male,28.0,0,0,7.75,Q,U
561,0,3,male,40.0,0,0,7.8958,S,U
562,0,2,male,28.0,0,0,13.5,S,U
563,0,3,male,28.0,0,0,8.05,S,U
564,0,3,female,28.0,0,0,8.05,S,U
565,0,3,male,24.0,2,0,24.15,S,U
566,0,3,male,19.0,0,0,7.8958,S,U
567,0,3,female,29.0,0,4,21.075,S,U
568,0,3,male,28.0,0,0,7.2292,C,U
569,1,3,male,32.0,0,0,7.8542,S,U
570,1,2,male,62.0,0,0,10.5,S,U
571,1,1,female,53.0,2,0,51.4792,S,C
572,1,1,male,36.0,0,0,26.3875,S,E
573,1,3,female,28.0,0,0,7.75,Q,U
574,0,3,male,16.0,0,0,8.05,S,U
575,0,3,male,19.0,0,0,14.5,S,U
576,1,2,female,34.0,0,0,13.0,S,U
577,1,1,female,39.0,1,0,55.9,S,E
578,0,3,female,28.0,1,0,14.4583,C,U
579,1,3,male,32.0,0,0,7.925,S,U
580,1,2,female,25.0,1,1,30.0,S,U
581,1,1,female,39.0,1,1,110.8833,C,C
582,0,2,male,54.0,0,0,26.0,S,U
583,0,1,male,36.0,0,0,40.125,C,A
584,0,3,male,28.0,0,0,8.7125,C,U
585,1,1,female,18.0,0,2,79.65,S,E
586,0,2,male,47.0,0,0,15.0,S,U
587,1,1,male,60.0,1,1,79.2,C,B
588,0,3,male,22.0,0,0,8.05,S,U
589,0,3,male,28.0,0,0,8.05,S,U
590,0,3,male,35.0,0,0,7.125,S,U
591,1,1,female,52.0,1,0,78.2667,C,D
592,0,3,male,47.0,0,0,7.25,S,U
593,0,3,female,28.0,0,2,7.75,Q,U
594,0,2,male,37.0,1,0,26.0,S,U
595,0,3,male,36.0,1,1,24.15,S,U
596,1,2,female,28.0,0,0,33.0,S,U
598,0,3,male,28.0,0,0,7.225,C,U
599,1,1,male,49.0,1,0,56.9292,C,A
600,1,2,female,24.0,2,1,27.0,S,U
601,0,3,male,28.0,0,0,7.8958,S,U
602,0,1,male,28.0,0,0,42.4,S,U
603,0,3,male,44.0,0,0,8.05,S,U
604,1,1,male,35.0,0,0,26.55,C,U
605,0,3,male,36.0,1,0,15.55,S,U
606,0,3,male,30.0,0,0,7.8958,S,U
607,1,1,male,27.0,0,0,30.5,S,U
608,1,2,female,22.0,1,2,41.5792,C,U
609,1,1,female,40.0,0,0,153.4625,S,C
610,0,3,female,39.0,1,5,31.275,S,U
611,0,3,male,28.0,0,0,7.05,S,U
612,1,3,female,28.0,1,0,15.5,Q,U
613,0,3,male,28.0,0,0,7.75,Q,U
614,0,3,male,35.0,0,0,8.05,S,U
615,1,2,female,24.0,1,2,65.0,S,U
616,0,3,male,34.0,1,1,14.4,S,U
617,0,3,female,26.0,1,0,16.1,S,U
618,1,2,female,4.0,2,1,39.0,S,F
619,0,2,male,26.0,0,0,10.5,S,U
620,0,3,male,27.0,1,0,14.4542,C,U
621,1,1,male,42.0,1,0,52.5542,S,D
622,1,3,male,20.0,1,1,15.7417,C,U
623,0,3,male,21.0,0,0,7.8542,S,U
624,0,3,male,21.0,0,0,16.1,S,U
625,0,1,male,61.0,0,0,32.3208,S,D
626,0,2,male,57.0,0,0,12.35,Q,U
627,1,1,female,21.0,0,0,77.9583,S,D
628,0,3,male,26.0,0,0,7.8958,S,U
629,0,3,male,28.0,0,0,7.7333,Q,U
630,1,1,male,80.0,0,0,30.0,S,A
631,0,3,male,51.0,0,0,7.0542,S,U
632,1,1,male,32.0,0,0,30.5,C,B
634,0,3,female,9.0,3,2,27.9,S,U
635,1,2,female,28.0,0,0,13.0,S,U
636,0,3,male,32.0,0,0,7.925,S,U
637,0,2,male,31.0,1,1,26.25,S,U
638,0,3,female,41.0,0,5,39.6875,S,U
639,0,3,male,28.0,1,0,16.1,S,U
640,0,3,male,20.0,0,0,7.8542,S,U
641,1,1,female,24.0,0,0,69.3,C,B
642,0,3,female,2.0,3,2,27.9,S,U
643,1,3,male,28.0,0,0,56.4958,S,U
644,1,3,female,0.75,2,1,19.2583,C,U
645,1,1,male,48.0,1,0,76.7292,C,D
646,0,3,male,19.0,0,0,7.8958,S,U
647,1,1,male,56.0,0,0,35.5,C,A
648,0,3,male,28.0,0,0,7.55,S,U
649,1,3,female,23.0,0,0,7.55,S,U
650,0,3,male,28.0,0,0,7.8958,S,U
651,1,2,female,18.0,0,1,23.0,S,U
652,0,3,male,21.0,0,0,8.4333,S,U
653,1,3,female,28.0,0,0,7.8292,Q,U
654,0,3,female,18.0,0,0,6.75,Q,U
655,0,2,male,24.0,2,0,73.5,S,U
656,0,3,male,28.0,0,0,7.8958,S,U
657,0,3,female,32.0,1,1,15.5,Q,U
658,0,2,male,23.0,0,0,13.0,S,U
659,0,1,male,58.0,0,2,113.275,C,D
660,1,1,male,50.0,2,0,133.65,S,U
661,0,3,male,40.0,0,0,7.225,C,U
662,0,1,male,47.0,0,0,25.5875,S,E
663,0,3,male,36.0,0,0,7.4958,S,U
664,1,3,male,20.0,1,0,7.925,S,U
665,0,2,male,32.0,2,0,73.5,S,U
666,0,2,male,25.0,0,0,13.0,S,U
667,0,3,male,28.0,0,0,7.775,S,U
668,0,3,male,43.0,0,0,8.05,S,U
669,1,1,female,28.0,1,0,52.0,S,C
670,1,2,female,40.0,1,1,39.0,S,U
671,0,1,male,31.0,1,0,52.0,S,B
672,0,2,male,70.0,0,0,10.5,S,U
673,1,2,male,31.0,0,0,13.0,S,U
675,0,3,male,18.0,0,0,7.775,S,U
676,0,3,male,24.5,0,0,8.05,S,U
677,1,3,female,18.0,0,0,9.8417,S,U
678,0,3,female,43.0,1,6,46.9,S,U
679,1,1,male,36.0,0,1,512.3292,C,B
680,0,3,female,28.0,0,0,8.1375,Q,U
681,1,1,male,27.0,0,0,76.7292,C,D
682,0,3,male,20.0,0,0,9.225,S,U
683,0,3,male,14.0,5,2,46.9,S,U
684,0,2,male,60.0,1,1,39.0,S,U
685,0,2,male,25.0,1,2,41.5792,C,U
686,0,3,male,14.0,4,1,39.6875,S,U
687,0,3,male,19.0,0,0,10.1708,S,U
688,0,3,male,18.0,0,0,7.7958,S,U
689,1,1,female,15.0,0,1,211.3375,S,B
690,1,1,male,31.0,1,0,57.0,S,B
691,1,3,female,4.0,0,1,13.4167,C,U
692,1,3,male,28.0,0,0,56.4958,S,U
693,0,3,male,25.0,0,0,7.225,C,U
694,0,1,male,60.0,0,0,26.55,S,U
695,0,2,male,52.0,0,0,13.5,S,U
696,0,3,male,44.0,0,0,8.05,S,U
697,1,3,female,28.0,0,0,7.7333,Q,U
698,0,1,male,49.0,1,1,110.8833,C,C
699,0,3,male,42.0,0,0,7.65,S,F
700,1,1,female,18.0,1,0,227.525,C,C
701,1,1,male,35.0,0,0,26.2875,S,E
702,0,3,female,18.0,0,1,14.4542,C,U
703,0,3,male,25.0,0,0,7.7417,Q,U
704,0,3,male,26.0,1,0,7.8542,S,U
705,0,2,male,39.0,0,0,26.0,S,U
706,1,2,female,45.0,0,0,13.5,S,U
707,1,1,male,42.0,0,0,26.2875,S,E
708,1,1,female,22.0,0,0,151.55,S,U
709,1,3,male,28.0,1,1,15.2458,C,U
710,1,1,female,24.0,0,0,49.5042,C,C
711,0,1,male,28.0,0,0,26.55,S,C
712,1,1,male,48.0,1,0,52.0,S,C
713,0,3,male,29.0,0,0,9.4833,S,U
714,0,2,male,52.0,0,0,13.0,S,U
715,0,3,male,19.0,0,0,7.65,S,F
716,1,1,female,38.0,0,0,227.525,C,C
717,1,2,female,27.0,0,0,10.5,S,E
718,0,3,male,28.0,0,0,15.5,Q,U
719,0,3,male,33.0,0,0,7.775,S,U
720,1,2,female,6.0,0,1,33.0,S,U
721,0,3,male,17.0,1,0,7.0542,S,U
722,0,2,male,34.0,0,0,13.0,S,U
723,0,2,male,50.0,0,0,13.0,S,U
724,1,1,male,27.0,1,0,53.1,S,E
725,0,3,male,20.0,0,0,8.6625,S,U
726,1,2,female,30.0,3,0,21.0,S,U
727,1,3,female,28.0,0,0,7.7375,Q,U
728,0,2,male,25.0,1,0,26.0,S,U
729,0,3,female,25.0,1,0,7.925,S,U
730,1,1,female,29.0,0,0,211.3375,S,B
731,0,3,male,11.0,0,0,18.7875,C,U
733,0,2,male,23.0,0,0,13.0,S,U
734,0,2,male,23.0,0,0,13.0,S,U
735,0,3,male,28.5,0,0,16.1,S,U
736,0,3,female,48.0,1,3,34.375,S,U
737,1,1,male,35.0,0,0,512.3292,C,B
738,0,3,male,28.0,0,0,7.8958,S,U
739,0,3,male,28.0,0,0,7.8958,S,U
740,1,1,male,28.0,0,0,30.0,S,D
741,0,1,male,36.0,1,0,78.85,S,C
742,1,1,female,21.0,2,2,262.375,C,B
743,0,3,male,24.0,1,0,16.1,S,U
744,1,3,male,31.0,0,0,7.925,S,U
745,0,1,male,70.0,1,1,71.0,S,B
746,0,3,male,16.0,1,1,20.25,S,U
747,1,2,female,30.0,0,0,13.0,S,U
748,0,1,male,19.0,1,0,53.1,S,D
749,0,3,male,31.0,0,0,7.75,Q,U
750,1,2,female,4.0,1,1,23.0,S,U
751,1,3,male,6.0,0,1,12.475,S,E
752,0,3,male,33.0,0,0,9.5,S,U
753,0,3,male,23.0,0,0,7.8958,S,U
754,1,2,female,48.0,1,2,65.0,S,U
755,1,2,male,0.67,1,1,14.5,S,U
756,0,3,male,28.0,0,0,7.7958,S,U
757,0,2,male,18.0,0,0,11.5,S,U
758,0,3,male,34.0,0,0,8.05,S,U
759,1,1,female,33.0,0,0,86.5,S,B
760,0,3,male,28.0,0,0,14.5,S,U
761,0,3,male,41.0,0,0,7.125,S,U
762,1,3,male,20.0,0,0,7.2292,C,U
763,1,1,female,36.0,1,2,120.0,S,B
764,0,3,male,16.0,0,0,7.775,S,U
765,1,1,female,51.0,1,0,77.9583,S,D
766,0,1,male,28.0,0,0,39.6,C,U
767,0,3,female,30.5,0,0,7.75,Q,U
768,0,3,male,28.0,1,0,24.15,Q,U
769,0,3,male,32.0,0,0,8.3625,S,U
770,0,3,male,24.0,0,0,9.5,S,U
771,0,3,male,48.0,0,0,7.8542,S,U
772,0,2,female,57.0,0,0,10.5,S,E
773,0,3,male,28.0,0,0,7.225,C,U
774,1,2,female,54.0,1,3,23.0,S,U
775,0,3,male,18.0,0,0,7.75,S,U
776,0,3,male,28.0,0,0,7.75,Q,F
777,1,3,female,5.0,0,0,12.475,S,U
778,0,3,male,28.0,0,0,7.7375,Q,U
779,1,1,female,43.0,0,1,211.3375,S,B
780,1,3,female,13.0,0,0,7.2292,C,U
781,1,1,female,17.0,1,0,57.0,S,B
782,0,1,male,29.0,0,0,30.0,S,D
783,0,3,male,28.0,1,2,23.45,S,U
784,0,3,male,25.0,0,0,7.05,S,U
785,0,3,male,25.0,0,0,7.25,S,U
786,1,3,female,18.0,0,0,7.4958,S,U
787,0,3,male,8.0,4,1,29.125,Q,U
788,1,3,male,1.0,1,2,20.575,S,U
789,0,1,male,46.0,0,0,79.2,C,B
790,0,3,male,28.0,0,0,7.75,Q,U
791,0,2,male,16.0,0,0,26.0,S,U
792,0,3,female,28.0,8,2,69.55,S,U
793,0,1,male,28.0,0,0,30.6958,C,U
794,0,3,male,25.0,0,0,7.8958,S,U
795,0,2,male,39.0,0,0,13.0,S,U
796,1,1,female,49.0,0,0,25.9292,S,D
797,1,3,female,31.0,0,0,8.6833,S,U
798,0,3,male,30.0,0,0,7.2292,C,U
799,0,3,female,30.0,1,1,24.15,S,U
800,0,2,male,34.0,0,0,13.0,S,U
801,1,2,female,31.0,1,1,26.25,S,U
802,1,1,male,11.0,1,2,120.0,S,B
803,1,3,male,0.42,0,1,8.5167,C,U
804,1,3,male,27.0,0,0,6.975,S,U
805,0,3,male,31.0,0,0,7.775,S,U
807,0,3,female,18.0,0,0,7.775,S,U
808,0,2,male,39.0,0,0,13.0,S,U
809,1,1,female,33.0,1,0,53.1,S,E
810,0,3,male,26.0,0,0,7.8875,S,U
811,0,3,male,39.0,0,0,24.15,S,U
812,0,2,male,35.0,0,0,10.5,S,U
813,0,3,female,6.0,4,2,31.275,S,U
814,0,3,male,30.5,0,0,8.05,S,U
816,0,3,female,23.0,0,0,7.925,S,U
817,0,2,male,31.0,1,1,37.0042,C,U
818,0,3,male,43.0,0,0,6.45,S,U
819,0,3,male,10.0,3,2,27.9,S,U
820,1,1,female,52.0,1,1,93.5,S,B
821,1,3,male,27.0,0,0,8.6625,S,U
823,1,3,female,27.0,0,1,12.475,S,E
824,0,3,male,2.0,4,1,39.6875,S,U
825,0,3,male,28.0,0,0,6.95,Q,U
826,0,3,male,28.0,0,0,56.4958,S,U
827,1,2,male,1.0,0,2,37.0042,C,U
828,1,3,male,28.0,0,0,7.75,Q,U
829,1,1,female,62.0,0,0,80.0,S,B
830,1,3,female,15.0,1,0,14.4542,C,U
831,1,2,male,0.83,1,1,18.75,S,U
832,0,3,male,28.0,0,0,7.2292,C,U
833,0,3,male,23.0,0,0,7.8542,S,U
834,0,3,male,18.0,0,0,8.3,S,U
835,1,1,female,39.0,1,1,83.1583,C,E
836,0,3,male,21.0,0,0,8.6625,S,U
837,0,3,male,28.0,0,0,8.05,S,U
838,1,3,male,32.0,0,0,56.4958,S,U
839,1,1,male,28.0,0,0,29.7,C,C
840,0,3,male,20.0,0,0,7.925,S,U
841,0,2,male,16.0,0,0,10.5,S,U
842,1,1,female,30.0,0,0,31.0,C,U
843,0,3,male,34.5,0,0,6.4375,C,U
844,0,3,male,17.0,0,0,8.6625,S,U
845,0,3,male,42.0,0,0,7.55,S,U
846,0,3,male,28.0,8,2,69.55,S,U
847,0,3,male,35.0,0,0,7.8958,C,U
848,0,2,male,28.0,0,1,33.0,S,U
849,1,1,female,28.0,1,0,89.1042,C,C
850,0,3,male,4.0,4,2,31.275,S,U
851,0,3,male,74.0,0,0,7.775,S,U
852,0,3,female,9.0,1,1,15.2458,C,U
853,1,1,female,16.0,0,1,39.4,S,D
854,0,2,female,44.0,1,0,26.0,S,U
855,1,3,female,18.0,0,1,9.35,S,U
856,1,1,female,45.0,1,1,164.8667,S,U
857,1,1,male,51.0,0,0,26.55,S,E
858,1,3,female,24.0,0,3,19.2583,C,U
859,0,3,male,28.0,0,0,7.2292,C,U
860,0,3,male,41.0,2,0,14.1083,S,U
861,0,2,male,21.0,1,0,11.5,S,U
862,1,1,female,48.0,0,0,25.9292,S,D
863,0,3,female,28.0,8,2,69.55,S,U
864,0,2,male,24.0,0,0,13.0,S,U
865,1,2,female,42.0,0,0,13.0,S,U
866,1,2,female,27.0,1,0,13.8583,C,U
867,0,1,male,31.0,0,0,50.4958,S,A
868,0,3,male,28.0,0,0,9.5,S,U
869,1,3,male,4.0,1,1,11.1333,S,U
870,0,3,male,26.0,0,0,7.8958,S,U
871,1,1,female,47.0,1,1,52.5542,S,D
872,0,1,male,33.0,0,0,5.0,S,B
873,0,3,male,47.0,0,0,9.0,S,U
874,1,2,female,28.0,1,0,24.0,C,U
875,1,3,female,15.0,0,0,7.225,C,U
876,0,3,male,20.0,0,0,9.8458,S,U
877,0,3,male,19.0,0,0,7.8958,S,U
878,0,3,male,28.0,0,0,7.8958,S,U
879,1,1,female,56.0,0,1,83.1583,C,C
880,1,2,female,25.0,0,1,26.0,S,U
881,0,3,male,33.0,0,0,7.8958,S,U
882,0,3,female,22.0,0,0,10.5167,S,U
883,0,2,male,28.0,0,0,10.5,S,U
884,0,3,male,25.0,0,0,7.05,S,U
885,0,3,female,39.0,0,5,29.125,Q,U
886,0,2,male,27.0,0,0,13.0,S,U
887,1,1,female,19.0,0,0,30.0,S,B
888,0,3,female,28.0,1,2,23.45,S,U
889,1,1,male,26.0,0,0,30.0,C,C
890,0,3,male,32.0,0,0,7.75,Q,U
